,X,Type,Old_base,New_base,Target_strain,Max_r,Max_s1,Genes,Max_Delta
13,110,Change,C,T,Sars CoV 2,164.8262,186.1195,,-21.293299999999988
14,119,Change,C,T,Sars CoV 2,251.8289,285.028,,-33.199100000000016
15,120,Change,T,C,Sars CoV 2,251.8289,285.028,,-33.199100000000016
36,336,Change,A,C,Sars CoV 2,53.57072,0.0,"ORF1a,ORF1ab",53.57072
37,338,Change,A,C,Sars CoV 2,117.8283,0.0,"ORF1a,ORF1ab",117.8283
38,347,Change,A,C,Sars CoV 2,359.1078,65.02293,"ORF1a,ORF1ab",294.08487
39,350,Change,G,A,Sars CoV 2,359.1078,65.02293,"ORF1a,ORF1ab",294.08487
40,359,Change,C,T,Sars CoV 2,65.91078,0.0,"ORF1a,ORF1ab",65.91078
46,386,Change,G,A,Sars CoV 2,0.0,104.759,"ORF1a,ORF1ab",-104.759
47,396,Change,G,C,Sars CoV 2,0.0,108.8155,"ORF1a,ORF1ab",-108.8155
48,401,Change,C,T,Sars CoV 2,0.0,108.8155,"ORF1a,ORF1ab",-108.8155
90,587,Change,C,T,Sars CoV 2,0.0,55.30783,"ORF1a,ORF1ab",-55.30783
91,590,Change,G,C,Sars CoV 2,78.57671,265.6307,"ORF1a,ORF1ab",-187.05399
92,593,Change,A,T,Sars CoV 2,120.4499,364.5998,"ORF1a,ORF1ab",-244.1499
121,787,Change,C,T,Sars CoV 2,149.55,0.0,"ORF1a,ORF1ab",149.55
122,788,Change,T,G,Sars CoV 2,149.55,0.0,"ORF1a,ORF1ab",149.55
123,797,Change,C,T,Sars CoV 2,134.7455,0.0,"ORF1a,ORF1ab",134.7455
125,806,Change,T,G,Sars CoV 2,89.5169,0.0,"ORF1a,ORF1ab",89.5169
126,810,Change,G,T,Sars CoV 2,89.5169,0.0,"ORF1a,ORF1ab",89.5169
127,811,Change,T,A,Sars CoV 2,89.5169,0.0,"ORF1a,ORF1ab",89.5169
134,875,Change,T,C,Sars CoV 2,159.9871,653.7716,"ORF1a,ORF1ab",-493.78450000000004
135,876,Change,T,C,Sars CoV 2,159.9871,10721.11,"ORF1a,ORF1ab",-10561.1229
136,881,Change,C,A,Sars CoV 2,159.9871,26195.48,"ORF1a,ORF1ab",-26035.4929
137,887,Change,C,T,Sars CoV 2,323.115,32953.93,"ORF1a,ORF1ab",-32630.815
138,890,Change,G,T,Sars CoV 2,323.115,32953.93,"ORF1a,ORF1ab",-32630.815
139,893,Change,C,T,Sars CoV 2,323.115,32953.93,"ORF1a,ORF1ab",-32630.815
140,896,Change,G,A,Sars CoV 2,0.0,1296.757,"ORF1a,ORF1ab",-1296.757
141,897,Change,T,G,Sars CoV 2,0.0,1296.757,"ORF1a,ORF1ab",-1296.757
142,899,Change,A,T,Sars CoV 2,0.0,86.97249,"ORF1a,ORF1ab",-86.97249
200,1160,Change,G,T,Sars CoV 2,0.0,357.3794,"ORF1a,ORF1ab",-357.3794
201,1161,Change,C,A,Sars CoV 2,0.0,357.3794,"ORF1a,ORF1ab",-357.3794
202,1163,Change,T,A,Sars CoV 2,0.0,357.3794,"ORF1a,ORF1ab",-357.3794
203,1166,Change,A,T,Sars CoV 2,0.0,357.3794,"ORF1a,ORF1ab",-357.3794
204,1169,Change,C,A,Sars CoV 2,0.0,357.3794,"ORF1a,ORF1ab",-357.3794
230,1266,Change,T,G,Sars CoV 2,0.0,170.154,"ORF1a,ORF1ab",-170.154
231,1271,Change,C,T,Sars CoV 2,0.0,100.8117,"ORF1a,ORF1ab",-100.8117
246,1334,Change,A,T,Sars CoV 2,0.0,51.55707,"ORF1a,ORF1ab",-51.55707
247,1340,Change,G,T,Sars CoV 2,0.0,51.55707,"ORF1a,ORF1ab",-51.55707
248,1344,Change,C,T,Sars CoV 2,0.0,51.55707,"ORF1a,ORF1ab",-51.55707
301,1520,Change,T,C,Sars CoV 2,0.0,99.19688,"ORF1a,ORF1ab",-99.19688
302,1524,Change,C,T,Sars CoV 2,0.0,131.0418,"ORF1a,ORF1ab",-131.0418
303,1532,Change,C,T,Sars CoV 2,0.0,131.0418,"ORF1a,ORF1ab",-131.0418
413,1910,Change,T,C,Sars CoV 2,0.0,6261.244,"ORF1a,ORF1ab",-6261.244
414,1911,Change,G,T,Sars CoV 2,0.0,6261.244,"ORF1a,ORF1ab",-6261.244
415,1913,Change,G,C,Sars CoV 2,0.0,6261.244,"ORF1a,ORF1ab",-6261.244
416,1919,Change,A,T,Sars CoV 2,0.0,6261.244,"ORF1a,ORF1ab",-6261.244
417,1925,Change,T,A,Sars CoV 2,0.0,368.3971,"ORF1a,ORF1ab",-368.3971
422,1934,Change,C,A,Sars CoV 2,72.77725,0.0,"ORF1a,ORF1ab",72.77725
423,1935,Change,C,A,Sars CoV 2,85.10538,0.0,"ORF1a,ORF1ab",85.10538
424,1937,Change,C,T,Sars CoV 2,117.2545,0.0,"ORF1a,ORF1ab",117.2545
425,1940,Change,A,T,Sars CoV 2,138.4805,0.0,"ORF1a,ORF1ab",138.4805
426,1941,Change,A,G,Sars CoV 2,138.4805,0.0,"ORF1a,ORF1ab",138.4805
427,1943,Change,T,G,Sars CoV 2,138.4805,0.0,"ORF1a,ORF1ab",138.4805
428,1945,Change,C,G,Sars CoV 2,138.4805,0.0,"ORF1a,ORF1ab",138.4805
429,1948,Change,A,T,Sars CoV 2,138.4805,0.0,"ORF1a,ORF1ab",138.4805
430,1952,Change,G,A,Sars CoV 2,119.0582,0.0,"ORF1a,ORF1ab",119.0582
610,2430,Change,A,G,Sars CoV 2,0.0,63.00387,"ORF1a,ORF1ab",-63.00387
611,2431,Insertion,-,T,Sars CoV 2,0.0,63.00387,"ORF1a,ORF1ab",-63.00387
612,2434,Change,C,A,Sars CoV 2,0.0,63.00387,"ORF1a,ORF1ab",-63.00387
613,2435,Change,G,A,Sars CoV 2,0.0,63.00387,"ORF1a,ORF1ab",-63.00387
614,2437,Change,G,C,Sars CoV 2,0.0,63.00387,"ORF1a,ORF1ab",-63.00387
615,2438,Change,G,C,Sars CoV 2,0.0,63.00387,"ORF1a,ORF1ab",-63.00387
616,2439,Change,C,A,Sars CoV 2,0.0,63.00387,"ORF1a,ORF1ab",-63.00387
724,2726,Change,G,C,Sars CoV 2,0.0,59.4413,"ORF1a,ORF1ab",-59.4413
972,3500,Change,T,A,Sars CoV 2,0.0,108.8813,"ORF1a,ORF1ab",-108.8813
973,3503,Change,A,C,Sars CoV 2,0.0,108.8813,"ORF1a,ORF1ab",-108.8813
974,3504,Change,C,T,Sars CoV 2,0.0,108.8813,"ORF1a,ORF1ab",-108.8813
975,3506,Change,C,A,Sars CoV 2,0.0,108.8813,"ORF1a,ORF1ab",-108.8813
1048,3770,Change,C,A,Sars CoV 2,0.0,1216.514,"ORF1a,ORF1ab",-1216.514
1049,3771,Change,A,G,Sars CoV 2,0.0,1216.514,"ORF1a,ORF1ab",-1216.514
1050,3775,Change,G,T,Sars CoV 2,0.0,1752.767,"ORF1a,ORF1ab",-1752.767
1051,3778,Change,C,T,Sars CoV 2,0.0,1752.767,"ORF1a,ORF1ab",-1752.767
1052,3781,Change,G,A,Sars CoV 2,0.0,1752.767,"ORF1a,ORF1ab",-1752.767
1053,3782,Change,C,G,Sars CoV 2,0.0,1752.767,"ORF1a,ORF1ab",-1752.767
1054,3784,Change,G,T,Sars CoV 2,0.0,1752.767,"ORF1a,ORF1ab",-1752.767
1055,3787,Change,G,T,Sars CoV 2,0.0,896.8996,"ORF1a,ORF1ab",-896.8996
1280,4432,Change,T,A,Sars CoV 2,197.1316,0.0,"ORF1a,ORF1ab",197.1316
1281,4438,Change,T,A,Sars CoV 2,197.1316,0.0,"ORF1a,ORF1ab",197.1316
1340,4675,Change,G,A,Sars CoV 2,0.0,281.5947,"ORF1a,ORF1ab",-281.5947
1341,4681,Change,G,T,Sars CoV 2,0.0,281.5947,"ORF1a,ORF1ab",-281.5947
1342,4684,Change,C,G,Sars CoV 2,0.0,281.5947,"ORF1a,ORF1ab",-281.5947
1343,4686,Change,G,A,Sars CoV 2,0.0,159.1793,"ORF1a,ORF1ab",-159.1793
1344,4691,Change,C,A,Sars CoV 2,0.0,159.1793,"ORF1a,ORF1ab",-159.1793
1345,4693,Change,T,A,Sars CoV 2,0.0,159.1793,"ORF1a,ORF1ab",-159.1793
1444,5029,Change,T,C,Sars CoV 2,111.6179,0.0,"ORF1a,ORF1ab",111.6179
1445,5038,Change,A,G,Sars CoV 2,152.6856,0.0,"ORF1a,ORF1ab",152.6856
1446,5041,Change,G,A,Sars CoV 2,152.6856,0.0,"ORF1a,ORF1ab",152.6856
1447,5042,Change,C,G,Sars CoV 2,152.6856,0.0,"ORF1a,ORF1ab",152.6856
1520,5395,Change,T,C,Sars CoV 2,0.0,51.16487,"ORF1a,ORF1ab",-51.16487
1521,5401,Change,C,A,Sars CoV 2,0.0,69.48424,"ORF1a,ORF1ab",-69.48424
1522,5402,Change,C,A,Sars CoV 2,0.0,69.48424,"ORF1a,ORF1ab",-69.48424
1523,5404,Change,T,G,Sars CoV 2,0.0,69.48424,"ORF1a,ORF1ab",-69.48424
1525,5434,Change,C,T,Sars CoV 2,0.0,54.0733,"ORF1a,ORF1ab",-54.0733
1526,5437,Change,A,C,Sars CoV 2,0.0,54.0733,"ORF1a,ORF1ab",-54.0733
1527,5438,Change,C,T,Sars CoV 2,0.0,54.0733,"ORF1a,ORF1ab",-54.0733
1528,5440,Change,C,A,Sars CoV 2,0.0,54.0733,"ORF1a,ORF1ab",-54.0733
1529,5443,Change,T,C,Sars CoV 2,0.0,54.0733,"ORF1a,ORF1ab",-54.0733
1573,5599,Change,G,T,Sars CoV 2,91.71069,0.0,"ORF1a,ORF1ab",91.71069
1574,5605,Change,T,C,Sars CoV 2,244.7391,0.0,"ORF1a,ORF1ab",244.7391
1575,5611,Change,T,C,Sars CoV 2,244.7391,0.0,"ORF1a,ORF1ab",244.7391
1576,5614,Change,T,A,Sars CoV 2,244.7391,0.0,"ORF1a,ORF1ab",244.7391
1577,5617,Change,A,T,Sars CoV 2,56.98346,0.0,"ORF1a,ORF1ab",56.98346
1585,5647,Change,C,G,Sars CoV 2,0.0,104.5702,"ORF1a,ORF1ab",-104.5702
1586,5650,Change,T,A,Sars CoV 2,71.57828,369.1618,"ORF1a,ORF1ab",-297.58352
1587,5653,Change,A,T,Sars CoV 2,124.8123,583.4285,"ORF1a,ORF1ab",-458.6162
1588,5657,Change,G,A,Sars CoV 2,124.8123,583.4285,"ORF1a,ORF1ab",-458.6162
1589,5658,Change,T,C,Sars CoV 2,124.8123,583.4285,"ORF1a,ORF1ab",-458.6162
1590,5666,Change,C,A,Sars CoV 2,114.7806,172.0089,"ORF1a,ORF1ab",-57.228300000000004
1591,5667,Change,G,A,Sars CoV 2,0.0,72.73553,"ORF1a,ORF1ab",-72.73553
1592,5668,Change,T,A,Sars CoV 2,0.0,72.73553,"ORF1a,ORF1ab",-72.73553
1593,5669,Change,G,C,Sars CoV 2,0.0,72.73553,"ORF1a,ORF1ab",-72.73553
1760,6381,Change,C,A,Sars CoV 2,60.64776,0.0,"ORF1a,ORF1ab",60.64776
1761,6382,Change,A,G,Sars CoV 2,60.64776,0.0,"ORF1a,ORF1ab",60.64776
1762,6383,Change,G,T,Sars CoV 2,86.87039,0.0,"ORF1a,ORF1ab",86.87039
1763,6384,Change,T,C,Sars CoV 2,86.87039,0.0,"ORF1a,ORF1ab",86.87039
1764,6388,Change,A,G,Sars CoV 2,147.9628,0.0,"ORF1a,ORF1ab",147.9628
1765,6392,Change,A,G,Sars CoV 2,157.4777,0.0,"ORF1a,ORF1ab",157.4777
1766,6394,Change,A,G,Sars CoV 2,157.4777,0.0,"ORF1a,ORF1ab",157.4777
1767,6397,Change,A,G,Sars CoV 2,157.4777,0.0,"ORF1a,ORF1ab",157.4777
2068,7489,Change,T,G,Sars CoV 2,65.57622,0.0,"ORF1a,ORF1ab",65.57622
2069,7493,Change,A,G,Sars CoV 2,65.57622,0.0,"ORF1a,ORF1ab",65.57622
2070,7495,Change,C,T,Sars CoV 2,65.57622,0.0,"ORF1a,ORF1ab",65.57622
2071,7496,Change,A,G,Sars CoV 2,65.57622,0.0,"ORF1a,ORF1ab",65.57622
2084,7544,Change,C,A,Sars CoV 2,0.0,316.1449,"ORF1a,ORF1ab",-316.1449
2085,7546,Change,T,A,Sars CoV 2,0.0,433.0036,"ORF1a,ORF1ab",-433.0036
2086,7549,Change,C,A,Sars CoV 2,0.0,433.0036,"ORF1a,ORF1ab",-433.0036
2087,7553,Change,C,A,Sars CoV 2,0.0,433.0036,"ORF1a,ORF1ab",-433.0036
2088,7555,Change,C,A,Sars CoV 2,0.0,433.0036,"ORF1a,ORF1ab",-433.0036
2089,7558,Change,T,C,Sars CoV 2,0.0,380.5792,"ORF1a,ORF1ab",-380.5792
2090,7561,Change,G,A,Sars CoV 2,0.0,370.4401,"ORF1a,ORF1ab",-370.4401
2129,7786,Change,A,G,Sars CoV 2,0.0,72.19561,"ORF1a,ORF1ab",-72.19561
2130,7792,Change,C,T,Sars CoV 2,0.0,195.4789,"ORF1a,ORF1ab",-195.4789
2131,7793,Change,G,T,Sars CoV 2,0.0,195.4789,"ORF1a,ORF1ab",-195.4789
2132,7795,Change,G,C,Sars CoV 2,0.0,195.4789,"ORF1a,ORF1ab",-195.4789
2133,7796,Change,C,A,Sars CoV 2,0.0,195.4789,"ORF1a,ORF1ab",-195.4789
2134,7798,Change,T,C,Sars CoV 2,0.0,195.4789,"ORF1a,ORF1ab",-195.4789
2135,7801,Change,C,T,Sars CoV 2,0.0,195.4789,"ORF1a,ORF1ab",-195.4789
2253,8356,Change,T,C,Sars CoV 2,0.0,59.64046,"ORF1a,ORF1ab",-59.64046
2254,8362,Change,C,T,Sars CoV 2,0.0,78.75909,"ORF1a,ORF1ab",-78.75909
2255,8365,Change,A,T,Sars CoV 2,0.0,78.75909,"ORF1a,ORF1ab",-78.75909
2256,8379,Change,A,G,Sars CoV 2,405.7238,0.0,"ORF1a,ORF1ab",405.7238
2257,8383,Change,A,G,Sars CoV 2,405.7238,0.0,"ORF1a,ORF1ab",405.7238
2258,8384,Change,A,C,Sars CoV 2,405.7238,0.0,"ORF1a,ORF1ab",405.7238
2259,8386,Change,G,T,Sars CoV 2,405.7238,0.0,"ORF1a,ORF1ab",405.7238
2260,8392,Change,C,T,Sars CoV 2,56.92037,0.0,"ORF1a,ORF1ab",56.92037
2261,8398,Change,C,G,Sars CoV 2,57.52297,0.0,"ORF1a,ORF1ab",57.52297
2262,8401,Change,A,G,Sars CoV 2,57.52297,0.0,"ORF1a,ORF1ab",57.52297
2469,9256,Change,T,C,Sars CoV 2,0.0,51.19277,"ORF1a,ORF1ab",-51.19277
2470,9259,Change,A,T,Sars CoV 2,0.0,51.19277,"ORF1a,ORF1ab",-51.19277
2471,9262,Change,C,T,Sars CoV 2,0.0,51.19277,"ORF1a,ORF1ab",-51.19277
2502,9407,Change,G,A,Sars CoV 2,0.0,51.78274,"ORF1a,ORF1ab",-51.78274
2503,9409,Change,G,T,Sars CoV 2,0.0,51.78274,"ORF1a,ORF1ab",-51.78274
2766,10591,Change,A,T,Sars CoV 2,0.0,100.0305,"ORF1a,ORF1ab",-100.0305
2767,10597,Change,A,T,Sars CoV 2,0.0,122.3089,"ORF1a,ORF1ab",-122.3089
2768,10600,Change,C,T,Sars CoV 2,0.0,122.3089,"ORF1a,ORF1ab",-122.3089
2769,10606,Change,T,C,Sars CoV 2,0.0,110.14,"ORF1a,ORF1ab",-110.14
2838,11023,Change,T,C,Sars CoV 2,53.8953,0.0,"ORF1a,ORF1ab",53.8953
2839,11029,Change,C,T,Sars CoV 2,69.05027,0.0,"ORF1a,ORF1ab",69.05027
2840,11032,Change,T,A,Sars CoV 2,69.05027,0.0,"ORF1a,ORF1ab",69.05027
2841,11035,Change,T,C,Sars CoV 2,69.05027,0.0,"ORF1a,ORF1ab",69.05027
2842,11038,Change,T,C,Sars CoV 2,53.45325,0.0,"ORF1a,ORF1ab",53.45325
2878,11158,Change,T,G,Sars CoV 2,0.0,52.29467,"ORF1a,ORF1ab",-52.29467
2879,11159,Change,G,T,Sars CoV 2,0.0,60.47854,"ORF1a,ORF1ab",-60.47854
2880,11164,Change,A,T,Sars CoV 2,0.0,60.47854,"ORF1a,ORF1ab",-60.47854
2881,11166,Change,G,T,Sars CoV 2,0.0,60.47854,"ORF1a,ORF1ab",-60.47854
2882,11170,Change,T,A,Sars CoV 2,0.0,60.47854,"ORF1a,ORF1ab",-60.47854
2886,11185,Change,G,A,Sars CoV 2,0.0,80.51583,"ORF1a,ORF1ab",-80.51583
2887,11194,Change,C,T,Sars CoV 2,0.0,112.5699,"ORF1a,ORF1ab",-112.5699
2888,11200,Change,C,T,Sars CoV 2,0.0,112.5699,"ORF1a,ORF1ab",-112.5699
2889,11201,Change,T,C,Sars CoV 2,0.0,112.5699,"ORF1a,ORF1ab",-112.5699
2890,11203,Change,G,C,Sars CoV 2,0.0,109.3431,"ORF1a,ORF1ab",-109.3431
2926,11416,Change,T,A,Sars CoV 2,51.16487,0.0,"ORF1a,ORF1ab",51.16487
2927,11419,Change,T,G,Sars CoV 2,51.16487,0.0,"ORF1a,ORF1ab",51.16487
2953,11572,Change,G,T,Sars CoV 2,0.0,55.95266,"ORF1a,ORF1ab",-55.95266
2954,11576,Change,G,A,Sars CoV 2,0.0,55.95266,"ORF1a,ORF1ab",-55.95266
3011,11902,Change,T,A,Sars CoV 2,0.0,59.04527,"ORF1a,ORF1ab",-59.04527
3012,11905,Change,G,A,Sars CoV 2,0.0,59.04527,"ORF1a,ORF1ab",-59.04527
3091,12451,Change,G,A,Sars CoV 2,0.0,413.7336,"ORF1a,ORF1ab",-413.7336
3092,12452,Change,C,A,Sars CoV 2,0.0,413.7336,"ORF1a,ORF1ab",-413.7336
3093,12454,Change,T,A,Sars CoV 2,0.0,413.7336,"ORF1a,ORF1ab",-413.7336
3119,12565,Change,A,T,Sars CoV 2,0.0,52.06643,"ORF1a,ORF1ab",-52.06643
3120,12574,Change,T,A,Sars CoV 2,0.0,52.06643,"ORF1a,ORF1ab",-52.06643
3121,12578,Change,C,T,Sars CoV 2,0.0,52.06643,"ORF1a,ORF1ab",-52.06643
3303,13983,Change,C,A,Sars CoV 2,526.493,137.1091,ORF1ab,389.38390000000004
3304,13995,Change,T,C,Sars CoV 2,832.3897,206.5703,ORF1ab,625.8194
3305,13998,Change,T,C,Sars CoV 2,832.3897,206.5703,ORF1ab,625.8194
3306,14010,Change,G,A,Sars CoV 2,495.8953,1394.59,ORF1ab,-898.6946999999999
3307,14023,Change,T,G,Sars CoV 2,102.2107,960.3297,ORF1ab,-858.119
3407,14601,Change,T,C,Sars CoV 2,51.4166,0.0,ORF1ab,51.4166
3408,14604,Change,A,T,Sars CoV 2,74.21214,54.79206,ORF1ab,19.420080000000006
3409,14613,Change,T,C,Sars CoV 2,103.1348,67.0021,ORF1ab,36.1327
3410,14616,Change,A,T,Sars CoV 2,103.1348,67.0021,ORF1ab,36.1327
3467,15441,Change,C,T,Sars CoV 2,0.0,552.7731,ORF1ab,-552.7731
3468,15450,Change,G,T,Sars CoV 2,0.0,552.7731,ORF1ab,-552.7731
3529,15948,Change,C,T,Sars CoV 2,0.0,132.9204,ORF1ab,-132.9204
3530,15957,Change,G,T,Sars CoV 2,0.0,132.9204,ORF1ab,-132.9204
3531,15981,Change,A,C,Sars CoV 2,0.0,50.63806,ORF1ab,-50.63806
3532,15982,Change,T,C,Sars CoV 2,0.0,50.63806,ORF1ab,-50.63806
3533,15987,Change,C,G,Sars CoV 2,0.0,67.76675,ORF1ab,-67.76675
3534,15990,Change,A,C,Sars CoV 2,0.0,67.76675,ORF1ab,-67.76675
3559,16251,Change,A,G,Sars CoV 2,67.0021,0.0,ORF1ab,67.0021
3571,16320,Change,C,T,Sars CoV 2,64.91291,0.0,ORF1ab,64.91291
3572,16323,Change,T,C,Sars CoV 2,64.91291,0.0,ORF1ab,64.91291
3573,16326,Change,T,A,Sars CoV 2,64.91291,0.0,ORF1ab,64.91291
3574,16327,Change,A,C,Sars CoV 2,64.91291,0.0,ORF1ab,64.91291
3575,16329,Change,G,T,Sars CoV 2,64.91291,0.0,ORF1ab,64.91291
3599,16551,Change,C,T,Sars CoV 2,0.0,102.1494,ORF1ab,-102.1494
3600,16560,Change,A,T,Sars CoV 2,0.0,121.1897,ORF1ab,-121.1897
3601,16563,Change,C,T,Sars CoV 2,0.0,121.1897,ORF1ab,-121.1897
3622,16722,Change,C,T,Sars CoV 2,0.0,66.4727,ORF1ab,-66.4727
3623,16731,Change,C,T,Sars CoV 2,0.0,68.1528,ORF1ab,-68.1528
3624,16737,Change,A,G,Sars CoV 2,0.0,66.28479,ORF1ab,-66.28479
3650,16971,Change,T,A,Sars CoV 2,88.72917,0.0,ORF1ab,88.72917
3651,16983,Change,T,A,Sars CoV 2,133.0852,53.36534,ORF1ab,79.71985999999998
3671,17265,Change,C,T,Sars CoV 2,365.6082,1156.533,ORF1ab,-790.9247999999999
3672,17274,Change,G,A,Sars CoV 2,711.142,383314.7,ORF1ab,-382603.558
3673,17280,Change,G,T,Sars CoV 2,711.142,383314.7,ORF1ab,-382603.558
3674,17283,Change,C,T,Sars CoV 2,711.142,383314.7,ORF1ab,-382603.558
3701,17484,Change,A,T,Sars CoV 2,96.9156,0.0,ORF1ab,96.9156
3702,17487,Change,C,A,Sars CoV 2,129.2727,63.53758,ORF1ab,65.73512
3703,17490,Change,C,A,Sars CoV 2,129.2727,63.53758,ORF1ab,65.73512
3722,17706,Change,T,C,Sars CoV 2,116.187,0.0,ORF1ab,116.187
3723,17709,Change,A,G,Sars CoV 2,116.755,0.0,ORF1ab,116.755
3797,18309,Change,T,A,Sars CoV 2,232.7415,0.0,ORF1ab,232.7415
3798,18310,Change,C,A,Sars CoV 2,250.993,132.4274,ORF1ab,118.56559999999999
3799,18312,Change,T,A,Sars CoV 2,713.7575,485.4427,ORF1ab,228.31480000000005
3800,18315,Change,C,T,Sars CoV 2,826.2209,621.329,ORF1ab,204.89190000000008
3801,18318,Change,T,A,Sars CoV 2,826.2209,621.329,ORF1ab,204.89190000000008
3802,18324,Change,G,A,Sars CoV 2,826.2209,621.329,ORF1ab,204.89190000000008
3858,18622,Change,C,T,Sars CoV 2,58.78293,102.8257,ORF1ab,-44.04277
3859,18624,Change,T,A,Sars CoV 2,69.20772,131.3664,ORF1ab,-62.158680000000004
3860,18630,Change,G,A,Sars CoV 2,69.20772,134.3283,ORF1ab,-65.12058000000002
3868,18681,Change,A,G,Sars CoV 2,151.0613,0.0,ORF1ab,151.0613
3869,18682,Change,A,C,Sars CoV 2,151.0613,0.0,ORF1ab,151.0613
3870,18684,Change,A,C,Sars CoV 2,151.0613,0.0,ORF1ab,151.0613
3871,18687,Change,G,C,Sars CoV 2,151.0613,0.0,ORF1ab,151.0613
3904,18864,Change,A,T,Sars CoV 2,50.14474,135.5844,ORF1ab,-85.43965999999999
3905,18876,Change,G,A,Sars CoV 2,65.57622,177.4825,ORF1ab,-111.90627999999998
3911,18936,Change,C,T,Sars CoV 2,0.0,58.71755,ORF1ab,-58.71755
3912,18942,Change,T,C,Sars CoV 2,0.0,58.71755,ORF1ab,-58.71755
3941,19083,Change,C,T,Sars CoV 2,0.0,108.7497,ORF1ab,-108.7497
3942,19092,Change,G,A,Sars CoV 2,0.0,127.8452,ORF1ab,-127.8452
3943,19098,Change,G,A,Sars CoV 2,0.0,110.14,ORF1ab,-110.14
4037,19704,Change,C,A,Sars CoV 2,0.0,101.7826,ORF1ab,-101.7826
4038,19705,Change,G,C,Sars CoV 2,0.0,101.7826,ORF1ab,-101.7826
4039,19706,Change,C,A,Sars CoV 2,0.0,101.7826,ORF1ab,-101.7826
4040,19707,Change,C,G,Sars CoV 2,0.0,101.7826,ORF1ab,-101.7826
4041,19710,Change,C,T,Sars CoV 2,0.0,101.7826,ORF1ab,-101.7826
4191,20514,Change,A,T,Sars CoV 2,135.5844,0.0,ORF1ab,135.5844
4192,20517,Change,A,G,Sars CoV 2,174.3314,64.8031,ORF1ab,109.5283
4256,20958,Change,A,T,Sars CoV 2,210.9252,0.0,ORF1ab,210.9252
4257,20961,Change,T,G,Sars CoV 2,210.9252,0.0,ORF1ab,210.9252
4258,20964,Change,C,T,Sars CoV 2,210.9252,0.0,ORF1ab,210.9252
4259,20967,Change,A,G,Sars CoV 2,210.9252,0.0,ORF1ab,210.9252
4311,21330,Change,G,A,Sars CoV 2,58.19752,0.0,ORF1ab,58.19752
4312,21333,Change,G,A,Sars CoV 2,71.37384,0.0,ORF1ab,71.37384
4313,21334,Change,A,C,Sars CoV 2,71.37384,0.0,ORF1ab,71.37384
4314,21335,Change,A,G,Sars CoV 2,71.37384,0.0,ORF1ab,71.37384
4315,21336,Change,G,C,Sars CoV 2,71.37384,0.0,ORF1ab,71.37384
4318,21355,Change,A,G,Sars CoV 2,133.6637,0.0,ORF1ab,133.6637
4319,21356,Change,C,T,Sars CoV 2,172.0089,0.0,ORF1ab,172.0089
4320,21366,Change,T,A,Sars CoV 2,174.3314,0.0,ORF1ab,174.3314
4321,21369,Change,C,T,Sars CoV 2,174.3314,0.0,ORF1ab,174.3314
4402,21694,Insertion,-,A,Sars CoV 2,62.75656,0.0,S,62.75656
4403,21695,Insertion,-,C,Sars CoV 2,86.76842,0.0,S,86.76842
4404,21696,Insertion,-,T,Sars CoV 2,86.76842,0.0,S,86.76842
4405,21697,Insertion,-,A,Sars CoV 2,119.4227,0.0,S,119.4227
4406,21698,Insertion,-,A,Sars CoV 2,119.4227,0.0,S,119.4227
4407,21702,Change,A,T,Sars CoV 2,120.3762,0.0,S,120.3762
4408,21704,Change,C,T,Sars CoV 2,120.3762,0.0,S,120.3762
4409,21705,Change,T,C,Sars CoV 2,120.3762,0.0,S,120.3762
4410,21707,Change,T,C,Sars CoV 2,120.3762,0.0,S,120.3762
4411,21708,Change,G,A,Sars CoV 2,120.3762,0.0,S,120.3762
4412,21709,Change,A,C,Sars CoV 2,120.3762,0.0,S,120.3762
4413,21711,Change,G,T,Sars CoV 2,120.3762,0.0,S,120.3762
4414,21714,Change,G,T,Sars CoV 2,120.3762,0.0,S,120.3762
4527,22046,Change,C,A,Sars CoV 2,0.0,52.35191,S,-52.35191
4528,22049,Insertion,-,A,Sars CoV 2,0.0,67.23046,S,-67.23046
4529,22050,Insertion,-,A,Sars CoV 2,0.0,67.23046,S,-67.23046
4530,22051,Insertion,-,A,Sars CoV 2,0.0,73.7868,S,-73.7868
4531,22052,Insertion,-,A,Sars CoV 2,0.0,73.7868,S,-73.7868
4532,22053,Insertion,-,C,Sars CoV 2,0.0,94.35658,S,-94.35658
4533,22054,Insertion,-,A,Sars CoV 2,0.0,94.35658,S,-94.35658
4534,22055,Insertion,-,A,Sars CoV 2,0.0,94.35658,S,-94.35658
4535,22056,Insertion,-,C,Sars CoV 2,0.0,94.35658,S,-94.35658
4536,22057,Insertion,-,A,Sars CoV 2,0.0,94.35658,S,-94.35658
4537,22058,Insertion,-,A,Sars CoV 2,0.0,94.35658,S,-94.35658
4538,22059,Insertion,-,A,Sars CoV 2,0.0,94.35658,S,-94.35658
4539,22060,Insertion,-,A,Sars CoV 2,0.0,94.35658,S,-94.35658
4540,22061,Insertion,-,G,Sars CoV 2,0.0,94.35658,S,-94.35658
4541,22062,Insertion,-,T,Sars CoV 2,0.0,94.35658,S,-94.35658
4542,22066,Change,G,A,Sars CoV 2,0.0,94.35658,S,-94.35658
4543,22068,Change,A,G,Sars CoV 2,0.0,94.35658,S,-94.35658
4604,22224,Change,A,T,Sars CoV 2,231.2118,0.0,S,231.2118
4605,22225,Change,A,C,Sars CoV 2,231.2118,0.0,S,231.2118
4606,22226,Change,G,T,Sars CoV 2,322.2346,0.0,S,322.2346
4607,22227,Change,G,A,Sars CoV 2,322.2346,0.0,S,322.2346
4608,22228,Change,G,A,Sars CoV 2,373.2695,0.0,S,373.2695
4609,22229,Change,C,G,Sars CoV 2,373.2695,0.0,S,373.2695
4610,22230,Change,T,C,Sars CoV 2,393.7518,0.0,S,393.7518
4611,22232,Change,T,C,Sars CoV 2,393.7518,0.0,S,393.7518
4612,22233,Change,C,A,Sars CoV 2,393.7518,0.0,S,393.7518
4613,22234,Change,A,C,Sars CoV 2,393.7518,0.0,S,393.7518
4614,22235,Change,A,G,Sars CoV 2,393.7518,0.0,S,393.7518
4615,22241,Change,A,T,Sars CoV 2,393.7518,0.0,S,393.7518
4616,22242,Change,G,A,Sars CoV 2,56.04548,0.0,S,56.04548
4932,23252,Change,T,A,Sars CoV 2,54.52125,0.0,S,54.52125
4933,23255,Change,T,C,Sars CoV 2,54.52125,0.0,S,54.52125
4934,23258,Change,T,A,Sars CoV 2,54.52125,0.0,S,54.52125
4935,23264,Change,G,T,Sars CoV 2,53.30683,0.0,S,53.30683
5011,23537,Change,A,T,Sars CoV 2,59.0124,0.0,S,59.0124
5012,23540,Change,C,T,Sars CoV 2,125.3507,0.0,S,125.3507
5013,23543,Change,G,A,Sars CoV 2,283.6874,0.0,S,283.6874
5014,23546,Change,T,A,Sars CoV 2,356.6415,0.0,S,356.6415
5015,23548,Change,A,G,Sars CoV 2,356.6415,0.0,S,356.6415
5016,23549,Change,A,T,Sars CoV 2,356.6415,0.0,S,356.6415
5028,23612,Change,A,T,Sars CoV 2,225.4998,0.0,S,225.4998
5029,23615,Change,T,A,Sars CoV 2,225.4998,0.0,S,225.4998
5030,23618,Change,C,T,Sars CoV 2,225.4998,0.0,S,225.4998
5031,23621,Change,T,A,Sars CoV 2,225.4998,0.0,S,225.4998
5032,23624,Change,T,C,Sars CoV 2,225.4998,0.0,S,225.4998
5045,23653,Change,T,C,Sars CoV 2,124.0477,0.0,S,124.0477
5046,23655,Change,T,C,Sars CoV 2,149.9263,0.0,S,149.9263
5047,23656,Insertion,-,G,Sars CoV 2,149.9263,0.0,S,149.9263
5048,23657,Insertion,-,G,Sars CoV 2,180.813,0.0,S,180.813
5049,23658,Insertion,-,C,Sars CoV 2,352.249,0.0,S,352.249
5050,23659,Insertion,-,G,Sars CoV 2,352.249,0.0,S,352.249
5051,23660,Change,A,G,Sars CoV 2,352.249,0.0,S,352.249
5052,23661,Change,T,G,Sars CoV 2,352.249,0.0,S,352.249
5053,23662,Change,T,C,Sars CoV 2,352.249,0.0,S,352.249
5054,23670,Insertion,-,G,Sars CoV 2,67.0021,0.0,S,67.0021
5127,23939,Change,T,C,Sars CoV 2,0.0,62.58059,S,-62.58059
5128,23940,Change,C,A,Sars CoV 2,0.0,86.36191,S,-86.36191
5129,23941,Change,G,A,Sars CoV 2,0.0,86.36191,S,-86.36191
5130,23942,Change,C,A,Sars CoV 2,0.0,118.4777,S,-118.4777
5131,23948,Change,A,C,Sars CoV 2,0.0,122.0093,S,-122.0093
5132,23950,Change,G,A,Sars CoV 2,0.0,122.0093,S,-122.0093
5133,23951,Change,T,A,Sars CoV 2,0.0,122.0093,S,-122.0093
5134,23957,Change,G,T,Sars CoV 2,0.0,116.755,S,-116.755
5170,24158,Change,T,C,Sars CoV 2,0.0,72.23698,S,-72.23698
5171,24170,Change,G,A,Sars CoV 2,0.0,138.4805,S,-138.4805
5172,24173,Change,G,A,Sars CoV 2,0.0,138.4805,S,-138.4805
5274,24810,Change,C,G,Sars CoV 2,0.0,125.1196,S,-125.1196
5275,24813,Change,G,T,Sars CoV 2,0.0,156.0916,S,-156.0916
5276,24819,Change,G,C,Sars CoV 2,0.0,156.0916,S,-156.0916
5277,24822,Change,A,T,Sars CoV 2,0.0,156.0916,S,-156.0916
5296,24915,Change,T,A,Sars CoV 2,109.5417,0.0,S,109.5417
5297,24916,Change,T,C,Sars CoV 2,109.5417,0.0,S,109.5417
5298,24917,Change,C,A,Sars CoV 2,109.5417,0.0,S,109.5417
5299,24918,Change,T,C,Sars CoV 2,109.5417,0.0,S,109.5417
5377,25353,Change,T,C,Sars CoV 2,0.0,121.0413,S,-121.0413
5378,25354,Change,G,T,Sars CoV 2,0.0,121.0413,S,-121.0413
5379,25355,Change,C,G,Sars CoV 2,0.0,121.0413,S,-121.0413
5380,25356,Change,A,T,Sars CoV 2,0.0,121.0413,S,-121.0413
5381,25359,Change,C,T,Sars CoV 2,0.0,121.0413,S,-121.0413
5499,25895,Change,C,T,Sars CoV 2,0.0,168.7506,ORF3a,-168.7506
5500,25898,Change,A,T,Sars CoV 2,0.0,168.7506,ORF3a,-168.7506
5501,25899,Change,C,A,Sars CoV 2,0.0,168.7506,ORF3a,-168.7506
5502,25902,Change,A,T,Sars CoV 2,0.0,168.7506,ORF3a,-168.7506
5503,25903,Change,A,G,Sars CoV 2,0.0,168.7506,ORF3a,-168.7506
5504,25904,Change,C,T,Sars CoV 2,0.0,168.7506,ORF3a,-168.7506
5505,25907,Change,T,C,Sars CoV 2,0.0,50.09027,ORF3a,-50.09027
5606,26471,Change,C,T,Sars CoV 2,0.0,80.42227,E,-80.42227
5607,26477,Change,G,T,Sars CoV 2,0.0,80.89131,,-80.89131
5671,26884,Change,G,A,Sars CoV 2,208.8713,0.0,M,208.8713
5672,26893,Change,T,G,Sars CoV 2,16271.57,81.41084,M,16190.15916
5673,26899,Change,C,G,Sars CoV 2,16271.57,81.41084,M,16190.15916
5674,26902,Change,C,T,Sars CoV 2,16271.57,81.41084,M,16190.15916
5675,26905,Change,A,C,Sars CoV 2,1632.822,0.0,M,1632.822
5710,27144,Change,G,C,Sars CoV 2,0.0,283.6874,M,-283.6874
5711,27145,Change,C,A,Sars CoV 2,0.0,283.6874,M,-283.6874
5712,27146,Change,A,G,Sars CoV 2,0.0,283.6874,M,-283.6874
5713,27147,Change,C,G,Sars CoV 2,0.0,283.6874,M,-283.6874
5805,27634,Change,A,T,Sars CoV 2,0.0,88.00102,ORF7a,-88.00102
5806,27635,Change,C,T,Sars CoV 2,0.0,106.4763,ORF7a,-106.4763
5807,27642,Change,A,T,Sars CoV 2,0.0,106.4763,ORF7a,-106.4763
5808,27645,Change,C,A,Sars CoV 2,0.0,106.4763,ORF7a,-106.4763
5819,27688,Change,C,T,Sars CoV 2,0.0,139.0853,ORF7a,-139.0853
5820,27690,Change,G,A,Sars CoV 2,0.0,139.0853,ORF7a,-139.0853
5821,27696,Change,A,C,Sars CoV 2,0.0,139.0853,ORF7a,-139.0853
5885,28006,Change,C,T,Sars CoV 2,0.0,50.1175,ORF8,-50.1175
5886,28009,Change,T,C,Sars CoV 2,0.0,62.23033,ORF8,-62.23033
5887,28015,Deletion,A,-,Sars CoV 2,0.0,62.23033,ORF8,-62.23033
5888,28017,Change,G,T,Sars CoV 2,0.0,62.23033,ORF8,-62.23033
5955,28141,Insertion,-,A,Sars CoV 2,60.61387,0.0,ORF8,60.61387
5956,28143,Change,G,T,Sars CoV 2,84.11504,0.0,ORF8,84.11504
5957,28145,Change,C,A,Sars CoV 2,124.2765,0.0,ORF8,124.2765
5958,28146,Change,T,A,Sars CoV 2,124.2765,0.0,ORF8,124.2765
5959,28153,Change,T,G,Sars CoV 2,210.9252,0.0,ORF8,210.9252
5960,28154,Deletion,C,-,Sars CoV 2,210.9252,0.0,ORF8,210.9252
5961,28156,Change,A,G,Sars CoV 2,210.9252,0.0,ORF8,210.9252
5962,28158,Change,G,A,Sars CoV 2,210.9252,0.0,ORF8,210.9252
5963,28159,Change,A,T,Sars CoV 2,210.9252,0.0,ORF8,210.9252
5964,28160,Change,A,G,Sars CoV 2,210.9252,70.96695,ORF8,139.95825
5965,28164,Change,T,C,Sars CoV 2,0.0,116.1162,ORF8,-116.1162
5966,28166,Insertion,-,G,Sars CoV 2,0.0,129.1132,ORF8,-129.1132
5967,28167,Insertion,-,G,Sars CoV 2,0.0,129.1132,ORF8,-129.1132
5968,28168,Insertion,-,T,Sars CoV 2,0.0,129.1132,ORF8,-129.1132
5969,28169,Insertion,-,T,Sars CoV 2,0.0,129.1132,ORF8,-129.1132
5970,28170,Insertion,-,C,Sars CoV 2,0.0,129.1132,ORF8,-129.1132
5971,28171,Insertion,-,T,Sars CoV 2,0.0,129.1132,ORF8,-129.1132
5972,28172,Insertion,-,A,Sars CoV 2,0.0,129.1132,ORF8,-129.1132
5973,28173,Insertion,-,A,Sars CoV 2,0.0,129.1132,ORF8,-129.1132
5974,28174,Insertion,-,A,Sars CoV 2,0.0,129.1132,ORF8,-129.1132
5975,28176,Change,T,C,Sars CoV 2,0.0,129.1132,ORF8,-129.1132
5993,28209,Change,T,C,Sars CoV 2,0.0,56.57481,ORF8,-56.57481
5994,28210,Change,G,A,Sars CoV 2,0.0,58.78293,ORF8,-58.78293
5995,28214,Change,C,T,Sars CoV 2,0.0,58.78293,ORF8,-58.78293
5996,28215,Deletion,A,-,Sars CoV 2,0.0,58.78293,ORF8,-58.78293
5997,28216,Deletion,A,-,Sars CoV 2,0.0,58.78293,ORF8,-58.78293
5998,28217,Deletion,A,-,Sars CoV 2,0.0,60.20889,ORF8,-60.20889
5999,28219,Change,A,C,Sars CoV 2,0.0,60.20889,ORF8,-60.20889
6000,28222,Change,C,T,Sars CoV 2,0.0,60.20889,ORF8,-60.20889
6001,28223,Change,A,T,Sars CoV 2,0.0,60.20889,ORF8,-60.20889
6002,28224,Change,C,T,Sars CoV 2,0.0,60.20889,ORF8,-60.20889
6003,28228,Deletion,T,-,Sars CoV 2,0.0,60.20889,ORF8,-60.20889
6004,28229,Deletion,A,-,Sars CoV 2,0.0,60.20889,ORF8,-60.20889
6005,28230,Deletion,A,-,Sars CoV 2,0.0,60.20889,ORF8,-60.20889
6069,28396,Deletion,T,-,Sars CoV 2,57.97167,0.0,N,57.97167
6070,28397,Deletion,C,-,Sars CoV 2,57.97167,0.0,N,57.97167
6071,28401,Change,C,T,Sars CoV 2,57.97167,0.0,N,57.97167
6072,28404,Change,A,G,Sars CoV 2,57.97167,0.0,N,57.97167
6073,28407,Change,T,A,Sars CoV 2,57.97167,0.0,N,57.97167
6074,28409,Change,G,A,Sars CoV 2,57.97167,0.0,N,57.97167
6075,28413,Change,C,A,Sars CoV 2,57.97167,0.0,N,57.97167
6137,29031,Change,C,T,Sars CoV 2,0.0,61.88232,N,-61.88232
6138,29034,Change,C,T,Sars CoV 2,0.0,61.88232,N,-61.88232
6139,29037,Change,G,T,Sars CoV 2,0.0,61.88232,N,-61.88232
6140,29038,Change,C,T,Sars CoV 2,0.0,61.88232,N,-61.88232
6169,29331,Change,A,G,Sars CoV 2,81.60069,0.0,N,81.60069
